-- phpMyAdmin SQL Dump
-- version 4.8.5
-- https://www.phpmyadmin.net/
--
-- Host: 127.0.0.1
-- Generation Time: May 23, 2019 at 04:50 AM
-- Server version: 10.1.38-MariaDB
-- PHP Version: 7.3.3

SET SQL_MODE = "NO_AUTO_VALUE_ON_ZERO";
SET AUTOCOMMIT = 0;
START TRANSACTION;
SET time_zone = "+00:00";


/*!40101 SET @OLD_CHARACTER_SET_CLIENT=@@CHARACTER_SET_CLIENT */;
/*!40101 SET @OLD_CHARACTER_SET_RESULTS=@@CHARACTER_SET_RESULTS */;
/*!40101 SET @OLD_COLLATION_CONNECTION=@@COLLATION_CONNECTION */;
/*!40101 SET NAMES utf8mb4 */;

--
-- Database: `aplikasi_cbm`
--

-- --------------------------------------------------------

--
-- Table structure for table `departemen`
--

CREATE TABLE `departemen` (
  `id_departemen` int(11) NOT NULL,
  `nama_departemen` varchar(100) NOT NULL,
  `kode_departemen` varchar(100) NOT NULL
) ENGINE=InnoDB DEFAULT CHARSET=latin1;

--
-- Dumping data for table `departemen`
--

INSERT INTO `departemen` (`id_departemen`, `nama_departemen`, `kode_departemen`) VALUES
(1, 'ACCESSORIES', 'A'),
(2, 'AJJ', 'AJJ'),
(3, 'ALAMI', 'AL'),
(4, 'AMPLAS MENTAH', 'AM'),
(5, 'BESI', 'B'),
(6, 'CAT', 'C'),
(7, 'CLEANING SERVICE', 'CS'),
(8, 'F. CHECK', 'FC'),
(9, 'JOK', 'J'),
(10, 'KACA', 'K'),
(11, 'KHUSUS', 'KH'),
(12, 'LAS BESI ', 'LB'),
(13, 'OBAT', 'O'),
(14, 'PACKING', 'P'),
(15, 'PLAMUR', 'PL'),
(16, 'SERVICE MENTAH', 'SM'),
(17, 'SPRAY', 'S'),
(18, 'VENEER', 'V'),
(19, 'WAX', 'W'),
(28, '', '');

-- --------------------------------------------------------

--
-- Table structure for table `input_cbm`
--

CREATE TABLE `input_cbm` (
  `id` int(11) NOT NULL,
  `id_karyawan` int(11) DEFAULT NULL,
  `cbm` float DEFAULT NULL,
  `tanggal` date DEFAULT NULL
) ENGINE=InnoDB DEFAULT CHARSET=latin1;

--
-- Dumping data for table `input_cbm`
--

INSERT INTO `input_cbm` (`id`, `id_karyawan`, `cbm`, `tanggal`) VALUES
(1, 100, 0, '2019-04-01'),
(2, 246, 0, '2019-04-01'),
(3, 218, 3.851, '2019-04-01'),
(4, 245, 3.851, '2019-04-01'),
(5, 225, 4.178, '2019-04-01'),
(6, 94, 4.178, '2019-04-01'),
(7, 176, 2.364, '2019-04-01'),
(8, 106, 0, '2019-04-01'),
(9, 149, 0.453, '2019-04-01'),
(10, 164, 0.453, '2019-04-01'),
(11, 58, 2.364, '2019-04-01'),
(12, 23, 0, '2019-04-01'),
(13, 78, 0, '2019-04-01'),
(14, 138, 0, '2019-04-01'),
(15, 142, 0, '2019-04-01'),
(16, 25, 0, '2019-04-01'),
(17, 188, 0, '2019-04-01'),
(18, 244, 0, '2019-04-01'),
(19, 238, 0, '2019-04-01'),
(20, 3, 0, '2019-04-01'),
(21, 80, 0, '2019-04-01'),
(22, 54, 0, '2019-04-01'),
(23, 201, 0, '2019-04-01'),
(24, 6, 0, '2019-04-01'),
(25, 143, 0, '2019-04-01'),
(26, 120, 0, '2019-04-01'),
(27, 76, 0, '2019-04-01'),
(28, 256, 2.023, '2019-04-01'),
(29, 161, 2.023, '2019-04-01'),
(30, 228, 2.023, '2019-04-01'),
(31, 165, 2.023, '2019-04-01'),
(32, 166, 3.286, '2019-04-01'),
(33, 261, 2.404, '2019-04-01'),
(34, 41, 5.404, '2019-04-01'),
(35, 251, 5.404, '2019-04-01'),
(36, 85, 2.802, '2019-04-01'),
(37, 263, 2.847, '2019-04-01'),
(38, 179, 2.023, '2019-04-01'),
(39, 34, 0, '2019-04-01'),
(40, 150, 1.938, '2019-04-01'),
(41, 108, 0, '2019-04-01'),
(42, 33, 2.7, '2019-04-01'),
(43, 214, 0, '2019-04-01'),
(44, 185, 2.318, '2019-04-01'),
(45, 156, 2.17, '2019-04-01'),
(46, 262, 1.834, '2019-04-01'),
(47, 82, 1.454, '2019-04-01'),
(48, 204, 1.416, '2019-04-01'),
(49, 47, 1.981, '2019-04-01'),
(50, 13, 0, '2019-04-01'),
(51, 180, 0.616, '2019-04-01'),
(52, 213, 1.955, '2019-04-01'),
(53, 163, 2.011, '2019-04-01'),
(54, 96, 0, '2019-04-01'),
(55, 203, 1.669, '2019-04-01'),
(56, 87, 0, '2019-04-01'),
(57, 155, 1.669, '2019-04-01'),
(58, 249, 1.422, '2019-04-01'),
(59, 101, 2.033, '2019-04-01'),
(60, 134, 0.733, '2019-04-01'),
(61, 132, 1.422, '2019-04-01'),
(62, 231, 1.458, '2019-04-01'),
(63, 243, 2.257, '2019-04-01'),
(64, 93, 2.54, '2019-04-01'),
(65, 115, 1.278, '2019-04-01'),
(66, 60, 1.599, '2019-04-01'),
(67, 103, 1.542, '2019-04-01'),
(68, 129, 1.796, '2019-04-01'),
(69, 270, 2.033, '2019-04-01'),
(70, 110, 1.551, '2019-04-01'),
(71, 206, 0.931, '2019-04-01'),
(72, 116, 1.278, '2019-04-01'),
(73, 183, 0.999, '2019-04-01'),
(74, 39, 0.999, '2019-04-01'),
(75, 177, 1.121, '2019-04-01'),
(76, 130, 0, '2019-04-01'),
(77, 90, 0, '2019-04-01'),
(78, 269, 0, '2019-04-01'),
(79, 114, 0.732, '2019-04-01'),
(80, 112, 0.739, '2019-04-01'),
(81, 12, 4.512, '2019-04-01'),
(82, 7, 0, '2019-04-01'),
(83, 248, 0.746, '2019-04-01'),
(84, 240, 0.746, '2019-04-01'),
(85, 126, 0.5, '2019-04-01'),
(86, 250, 0.5, '2019-04-01'),
(87, 127, 1.019, '2019-04-01'),
(88, 121, 1.164, '2019-04-01'),
(89, 31, 0, '2019-04-01'),
(90, 182, 1.164, '2019-04-01'),
(91, 253, 2.945, '2019-04-01'),
(92, 124, 2.052, '2019-04-01'),
(93, 61, 0.402, '2019-04-01'),
(94, 107, 0, '2019-04-01'),
(95, 42, 0.402, '2019-04-01'),
(96, 77, 0.402, '2019-04-01'),
(97, 71, 0, '2019-04-01'),
(98, 20, 0, '2019-04-01'),
(99, 53, 2.498, '2019-04-01'),
(100, 268, 2.161, '2019-04-01'),
(101, 26, 1.82, '2019-04-01'),
(102, 117, 2.364, '2019-04-01'),
(103, 259, 2.535, '2019-04-01'),
(104, 196, 1.433, '2019-04-01'),
(105, 118, 3.261, '2019-04-01'),
(106, 92, 0, '2019-04-01'),
(107, 229, 0, '2019-04-01'),
(108, 260, 0, '2019-04-01'),
(109, 264, 0, '2019-04-01'),
(110, 207, 0, '2019-04-01'),
(111, 1, 0, '2019-04-01'),
(112, 45, 0, '2019-04-01'),
(113, 162, 0, '2019-04-01'),
(114, 209, 0.264, '2019-04-01'),
(115, 55, 0.132, '2019-04-01'),
(116, 190, 0.132, '2019-04-01'),
(117, 230, 4.413, '2019-04-01'),
(118, 139, 0, '2019-04-01'),
(119, 258, 0.132, '2019-04-01'),
(120, 141, 0, '2019-04-01'),
(121, 9, 0, '2019-04-01'),
(122, 105, 3.807, '2019-04-01'),
(123, 151, 2.538, '2019-04-01'),
(124, 154, 0.66, '2019-04-01'),
(125, 135, 0, '2019-04-01'),
(126, 174, 4.452, '2019-04-01'),
(127, 146, 3.682, '2019-04-01'),
(128, 223, 4.584, '2019-04-01'),
(129, 222, 0, '2019-04-01'),
(130, 173, 1.75, '2019-04-01'),
(131, 187, 1.546, '2019-04-01'),
(132, 48, 0, '2019-04-01'),
(133, 160, 2.452, '2019-04-01'),
(134, 252, 2.462, '2019-04-01'),
(135, 102, 2.651, '2019-04-01'),
(136, 159, 2.462, '2019-04-01'),
(137, 125, 3.896, '2019-04-01'),
(138, 178, 3.896, '2019-04-01'),
(139, 89, 1.527, '2019-04-01'),
(140, 169, 2.058, '2019-04-01'),
(141, 148, 0, '2019-04-01'),
(142, 200, 0, '2019-04-01'),
(143, 194, 1.086, '2019-04-01'),
(144, 16, 1.261, '2019-04-01'),
(145, 95, 1.336, '2019-04-01'),
(146, 211, 0, '2019-04-01'),
(147, 271, 1.64, '2019-04-01'),
(148, 44, 0, '2019-04-01'),
(149, 205, 1.336, '2019-04-01'),
(150, 172, 0, '2019-04-01'),
(151, 37, 0, '2019-04-01'),
(152, 50, 0, '2019-04-01'),
(153, 91, 4.054, '2019-04-01'),
(154, 232, 0, '2019-04-01'),
(155, 157, 4.054, '2019-04-01'),
(156, 210, 2.019, '2019-04-01'),
(157, 233, 4.054, '2019-04-01'),
(158, 227, 2.019, '2019-04-01'),
(159, 86, 2.019, '2019-04-01'),
(160, 224, 2.019, '2019-04-01'),
(161, 247, 0, '2019-04-01'),
(162, 219, 1.452, '2019-04-01'),
(163, 69, 1.452, '2019-04-01'),
(164, 181, 2.019, '2019-04-01'),
(165, 104, 1.936, '2019-04-01'),
(166, 84, 0.936, '2019-04-01'),
(167, 52, 1.936, '2019-04-01'),
(168, 217, 2.019, '2019-04-01'),
(169, 111, 1.452, '2019-04-01'),
(170, 186, 0.484, '2019-04-01'),
(171, 24, 0, '2019-04-01'),
(172, 4, 0.968, '2019-04-01'),
(173, 75, 4.389, '2019-04-01'),
(174, 137, 4.809, '2019-04-01'),
(175, 199, 4.417, '2019-04-01'),
(176, 22, 2.134, '2019-04-01'),
(177, 64, 2.242, '2019-04-01'),
(178, 152, 0, '2019-04-01'),
(179, 175, 0, '2019-04-01'),
(180, 191, 5.544, '2019-04-01'),
(181, 202, 7, '2019-04-01'),
(182, 8, 0, '2019-04-01'),
(183, 73, 4.526, '2019-04-01'),
(184, 40, 4.49, '2019-04-01'),
(185, 197, 0, '2019-04-01'),
(186, 5, 6.52, '2019-04-01'),
(187, 241, 6.52, '2019-04-01'),
(188, 147, 6.52, '2019-04-01'),
(189, 140, 6.52, '2019-04-01'),
(190, 133, 6.52, '2019-04-01'),
(191, 171, 6.52, '2019-04-01'),
(192, 74, 6.52, '2019-04-01'),
(193, 145, 0, '2019-04-01'),
(194, 59, 0, '2019-04-01'),
(195, 29, 0, '2019-04-01'),
(196, 128, 0, '2019-04-01'),
(197, 170, 0, '2019-04-01'),
(198, 235, 0, '2019-04-01'),
(199, 184, 0, '2019-04-01'),
(200, 14, 4.597, '2019-04-01'),
(201, 81, 4.597, '2019-04-01'),
(202, 49, 4.597, '2019-04-01'),
(203, 131, 4.597, '2019-04-01'),
(204, 2, 4.597, '2019-04-01'),
(205, 208, 4.597, '2019-04-01'),
(206, 255, 4.597, '2019-04-01'),
(207, 122, 4.597, '2019-04-01'),
(208, 38, 0, '2019-04-01'),
(209, 46, 0, '2019-04-01'),
(210, 109, 0, '2019-04-01'),
(211, 239, 0, '2019-04-01'),
(212, 83, 0, '2019-04-01'),
(213, 97, 0, '2019-04-01'),
(214, 144, 0, '2019-04-01'),
(215, 254, 0, '2019-04-01'),
(216, 193, 0.906, '2019-04-01'),
(217, 234, 0.837, '2019-04-01'),
(218, 56, 0.696, '2019-04-01'),
(219, 43, 0, '2019-04-01'),
(220, 212, 0.508, '2019-04-01'),
(221, 68, 0, '2019-04-01'),
(222, 167, 0.696, '2019-04-01'),
(223, 220, 0.627, '2019-04-01'),
(224, 10, 0, '2019-04-01'),
(225, 221, 0.906, '2019-04-01'),
(226, 88, 0, '2019-04-01'),
(227, 51, 0, '2019-04-01'),
(228, 98, 0, '2019-04-01'),
(229, 65, 0, '2019-04-01'),
(230, 236, 0, '2019-04-01'),
(231, 17, 0, '2019-04-01'),
(232, 158, 0, '2019-04-01'),
(233, 66, 0, '2019-04-01'),
(234, 113, 0, '2019-04-01'),
(235, 15, 0, '2019-04-01'),
(236, 67, 0, '2019-04-01'),
(237, 57, 0, '2019-04-01'),
(238, 192, 0.895, '2019-04-01'),
(239, 153, 0, '2019-04-01'),
(240, 119, 0, '2019-04-01'),
(241, 35, 0.583, '2019-04-01'),
(242, 216, 0.357, '2019-04-01'),
(243, 21, 0.346, '2019-04-01'),
(244, 27, 0, '2019-04-01'),
(245, 237, 0, '2019-04-01'),
(246, 272, 0.678, '2019-04-01'),
(247, 36, 0.226, '2019-04-01'),
(248, 189, 0.519, '2019-04-01'),
(249, 257, 0.409, '2019-04-01'),
(250, 62, 0, '2019-04-01'),
(251, 30, 0.352, '2019-04-01'),
(252, 136, 0, '2019-04-01'),
(253, 123, 0, '2019-04-01'),
(254, 70, 0, '2019-04-01'),
(255, 226, 0, '2019-04-01'),
(256, 195, 0.583, '2019-04-01'),
(257, 99, 0.583, '2019-04-01'),
(258, 242, 0.357, '2019-04-01'),
(259, 79, 0.583, '2019-04-01'),
(260, 18, 0.357, '2019-04-01'),
(261, 11, 0, '2019-04-01'),
(262, 266, 0.257, '2019-04-01'),
(263, 168, 0, '2019-04-01'),
(264, 267, 1.259, '2019-04-01'),
(265, 265, 0, '2019-04-01'),
(266, 19, 2.213, '2019-04-01'),
(267, 32, 2.723, '2019-04-01'),
(268, 215, 2.444, '2019-04-01'),
(269, 198, 1.915, '2019-04-01'),
(270, 62, 2.749, '2019-04-01'),
(271, 28, 0.366, '2019-04-01'),
(272, 72, 2.184, '2019-04-01'),
(273, 100, 0, '2019-04-02'),
(274, 246, 0, '2019-04-02'),
(275, 218, 6.691, '2019-04-02'),
(276, 245, 6.691, '2019-04-02'),
(277, 225, 7.129, '2019-04-02'),
(278, 94, 7.129, '2019-04-02'),
(279, 176, 5.116, '2019-04-02'),
(280, 106, 0.606, '2019-04-02'),
(281, 149, 3.246, '2019-04-02'),
(282, 164, 3.246, '2019-04-02'),
(283, 58, 1.959, '2019-04-02'),
(284, 23, 0, '2019-04-02'),
(285, 78, 0.721, '2019-04-02'),
(286, 138, 0.721, '2019-04-02'),
(287, 142, 0.721, '2019-04-02'),
(288, 25, 0.721, '2019-04-02'),
(289, 188, 0.721, '2019-04-02'),
(290, 244, 0.721, '2019-04-02'),
(291, 238, 0.721, '2019-04-02'),
(292, 3, 0.721, '2019-04-02'),
(293, 80, 0.721, '2019-04-02'),
(294, 54, 0.721, '2019-04-02'),
(295, 201, 0.721, '2019-04-02'),
(296, 6, 0.721, '2019-04-02'),
(297, 143, 0.721, '2019-04-02'),
(298, 120, 0.721, '2019-04-02'),
(299, 76, 0, '2019-04-02'),
(300, 256, 4.054, '2019-04-02'),
(301, 161, 4.046, '2019-04-02'),
(302, 228, 3.373, '2019-04-02'),
(303, 165, 3.373, '2019-04-02'),
(304, 166, 3.373, '2019-04-02'),
(305, 261, 3.373, '2019-04-02'),
(306, 41, 3.373, '2019-04-02'),
(307, 251, 4.046, '2019-04-02'),
(308, 85, 2.995, '2019-04-02'),
(309, 263, 3.373, '2019-04-02'),
(310, 179, 3.373, '2019-04-02'),
(311, 34, 0, '2019-04-02'),
(312, 150, 1.7, '2019-04-02'),
(313, 108, 0, '2019-04-02'),
(314, 33, 0.899, '2019-04-02'),
(315, 214, 0, '2019-04-02'),
(316, 185, 1.216, '2019-04-02'),
(317, 156, 2.511, '2019-04-02'),
(318, 262, 2.511, '2019-04-02'),
(319, 82, 1.428, '2019-04-02'),
(320, 204, 1.4, '2019-04-02'),
(321, 47, 1.18, '2019-04-02'),
(322, 13, 0, '2019-04-02'),
(323, 180, 1.624, '2019-04-02'),
(324, 213, 1.929, '2019-04-02'),
(325, 163, 0, '2019-04-02'),
(326, 96, 0, '2019-04-02'),
(327, 203, 0.687, '2019-04-02'),
(328, 87, 0, '2019-04-02'),
(329, 155, 2.353, '2019-04-02'),
(330, 249, 1.568, '2019-04-02'),
(331, 101, 2.353, '2019-04-02'),
(332, 134, 0.925, '2019-04-02'),
(333, 132, 1.568, '2019-04-02'),
(334, 231, 1.056, '2019-04-02'),
(335, 243, 0.962, '2019-04-02'),
(336, 93, 2.422, '2019-04-02'),
(337, 115, 1.91, '2019-04-02'),
(338, 60, 2.134, '2019-04-02'),
(339, 103, 0.756, '2019-04-02'),
(340, 129, 2.422, '2019-04-02'),
(341, 270, 0, '2019-04-02'),
(342, 110, 1.923, '2019-04-02'),
(343, 206, 1.048, '2019-04-02'),
(344, 116, 1.555, '2019-04-02'),
(345, 183, 1.95, '2019-04-02'),
(346, 39, 1.812, '2019-04-02'),
(347, 177, 1.343, '2019-04-02'),
(348, 130, 0, '2019-04-02'),
(349, 90, 0, '2019-04-02'),
(350, 269, 0, '2019-04-02'),
(351, 114, 0.976, '2019-04-02'),
(352, 112, 0.756, '2019-04-02'),
(353, 12, 1.283, '2019-04-02'),
(354, 7, 0, '2019-04-02'),
(355, 248, 1.209, '2019-04-02'),
(356, 240, 1.378, '2019-04-02'),
(357, 126, 0.908, '2019-04-02'),
(358, 250, 0.908, '2019-04-02'),
(359, 127, 2.014, '2019-04-02'),
(360, 121, 1.519, '2019-04-02'),
(361, 31, 0, '2019-04-02'),
(362, 182, 1.519, '2019-04-02'),
(363, 253, 1.429, '2019-04-02'),
(364, 124, 0.712, '2019-04-02'),
(365, 61, 0.403, '2019-04-02'),
(366, 107, 0, '2019-04-02'),
(367, 42, 0.807, '2019-04-02'),
(368, 77, 0.403, '2019-04-02'),
(369, 71, 0, '2019-04-02'),
(370, 20, 0, '2019-04-02'),
(371, 53, 3.321, '2019-04-02'),
(372, 268, 3.53, '2019-04-02'),
(373, 26, 0, '2019-04-02'),
(374, 117, 3.231, '2019-04-02'),
(375, 259, 3.668, '2019-04-02'),
(376, 196, 0, '2019-04-02'),
(377, 118, 4.538, '2019-04-02'),
(378, 92, 0.721, '2019-04-02'),
(379, 229, 0.721, '2019-04-02'),
(380, 260, 0.721, '2019-04-02'),
(381, 264, 0.721, '2019-04-02'),
(382, 207, 0.721, '2019-04-02'),
(383, 1, 0.721, '2019-04-02'),
(384, 45, 0.721, '2019-04-02'),
(385, 162, 0.721, '2019-04-02'),
(386, 209, 0.668, '2019-04-02'),
(387, 55, 1.337, '2019-04-02'),
(388, 190, 0.668, '2019-04-02'),
(389, 230, 1.269, '2019-04-02'),
(390, 139, 0.66, '2019-04-02'),
(391, 258, 0.668, '2019-04-02'),
(392, 141, 4.026, '2019-04-02'),
(393, 9, 0, '2019-04-02'),
(394, 105, 2.966, '2019-04-02'),
(395, 151, 2.474, '2019-04-02'),
(396, 154, 1.09, '2019-04-02'),
(397, 135, 0, '2019-04-02'),
(398, 174, 3.517, '2019-04-02'),
(399, 146, 2.978, '2019-04-02'),
(400, 223, 4.714, '2019-04-02'),
(401, 222, 0, '2019-04-02'),
(402, 173, 1.836, '2019-04-02'),
(403, 187, 0, '2019-04-02'),
(404, 48, 0, '2019-04-02'),
(405, 160, 2.412, '2019-04-02'),
(406, 252, 3.19, '2019-04-02'),
(407, 102, 2.385, '2019-04-02'),
(408, 159, 3.19, '2019-04-02'),
(409, 125, 4.31, '2019-04-02'),
(410, 178, 4.31, '2019-04-02'),
(411, 89, 1.809, '2019-04-02'),
(412, 169, 2.978, '2019-04-02'),
(413, 148, 1.912, '2019-04-02'),
(414, 200, 1.731, '2019-04-02'),
(415, 194, 2.548, '2019-04-02'),
(416, 16, 1.782, '2019-04-02'),
(417, 95, 1.474, '2019-04-02'),
(418, 211, 0, '2019-04-02'),
(419, 271, 2, '2019-04-02'),
(420, 44, 0, '2019-04-02'),
(421, 205, 2.089, '2019-04-02'),
(422, 172, 0, '2019-04-02'),
(423, 37, 0, '2019-04-02'),
(424, 50, 0, '2019-04-02'),
(425, 91, 2.585, '2019-04-02'),
(426, 232, 0, '2019-04-02'),
(427, 157, 2.894, '2019-04-02'),
(428, 210, 1.752, '2019-04-02'),
(429, 233, 2.894, '2019-04-02'),
(430, 227, 3.13, '2019-04-02'),
(431, 86, 1.529, '2019-04-02'),
(432, 224, 1.529, '2019-04-02'),
(433, 247, 0, '2019-04-02'),
(434, 219, 0.912, '2019-04-02'),
(435, 69, 1.114, '2019-04-02'),
(436, 181, 3.276, '2019-04-02'),
(437, 104, 1.114, '2019-04-02'),
(438, 84, 1.114, '2019-04-02'),
(439, 52, 1.114, '2019-04-02'),
(440, 217, 2.113, '2019-04-02'),
(441, 111, 1.114, '2019-04-02'),
(442, 186, 0, '2019-04-02'),
(443, 24, 1.114, '2019-04-02'),
(444, 4, 0, '2019-04-02'),
(445, 75, 0, '2019-04-02'),
(446, 137, 0, '2019-04-02'),
(447, 199, 0, '2019-04-02'),
(448, 22, 0, '2019-04-02'),
(449, 64, 0, '2019-04-02'),
(450, 152, 0, '2019-04-02'),
(451, 175, 0, '2019-04-02'),
(452, 191, 5.404, '2019-04-02'),
(453, 202, 2.796, '2019-04-02'),
(454, 8, 0, '2019-04-02'),
(455, 73, 8.243, '2019-04-02'),
(456, 40, 6.125, '2019-04-02'),
(457, 197, 4.704, '2019-04-02'),
(458, 5, 6.323, '2019-04-02'),
(459, 241, 6.323, '2019-04-02'),
(460, 147, 6.323, '2019-04-02'),
(461, 140, 6.323, '2019-04-02'),
(462, 133, 6.323, '2019-04-02'),
(463, 171, 6.323, '2019-04-02'),
(464, 74, 6.323, '2019-04-02'),
(465, 145, 0.721, '2019-04-02'),
(466, 59, 0.721, '2019-04-02'),
(467, 29, 0.721, '2019-04-02'),
(468, 128, 0.721, '2019-04-02'),
(469, 170, 0.721, '2019-04-02'),
(470, 235, 0.721, '2019-04-02'),
(471, 184, 0.721, '2019-04-02'),
(472, 14, 4.054, '2019-04-02'),
(473, 81, 4.054, '2019-04-02'),
(474, 49, 4.054, '2019-04-02'),
(475, 131, 4.054, '2019-04-02'),
(476, 2, 4.054, '2019-04-02'),
(477, 208, 4.054, '2019-04-02'),
(478, 255, 4.054, '2019-04-02'),
(479, 122, 4.054, '2019-04-02'),
(480, 38, 0.721, '2019-04-02'),
(481, 46, 0.721, '2019-04-02'),
(482, 109, 0.721, '2019-04-02'),
(483, 239, 0.721, '2019-04-02'),
(484, 83, 0.721, '2019-04-02'),
(485, 97, 0.721, '2019-04-02'),
(486, 144, 0.721, '2019-04-02'),
(487, 254, 0, '2019-04-02'),
(488, 193, 1.116, '2019-04-02'),
(489, 234, 1.116, '2019-04-02'),
(490, 56, 0.906, '2019-04-02'),
(491, 43, 1.116, '2019-04-02'),
(492, 212, 1.082, '2019-04-02'),
(493, 68, 0, '2019-04-02'),
(494, 167, 0.906, '2019-04-02'),
(495, 220, 0.837, '2019-04-02'),
(496, 10, 0, '2019-04-02'),
(497, 221, 0.906, '2019-04-02'),
(498, 88, 0, '2019-04-02'),
(499, 51, 0, '2019-04-02'),
(500, 98, 4.687, '2019-04-02'),
(501, 65, 5.975, '2019-04-02'),
(502, 236, 7.22, '2019-04-02'),
(503, 17, 4.113, '2019-04-02'),
(504, 158, 4.687, '2019-04-02'),
(505, 66, 0, '2019-04-02'),
(506, 113, 3.373, '2019-04-02'),
(507, 15, 0.673, '2019-04-02'),
(508, 67, 2.633, '2019-04-02'),
(509, 57, 0, '2019-04-02'),
(510, 192, 0.607, '2019-04-02'),
(511, 153, 0, '2019-04-02'),
(512, 119, 0, '2019-04-02'),
(513, 35, 0.942, '2019-04-02'),
(514, 216, 6, '2019-04-02'),
(515, 21, 0.721, '2019-04-02'),
(516, 27, 0, '2019-04-02'),
(517, 237, 0, '2019-04-02'),
(518, 272, 1.3, '2019-04-02'),
(519, 36, 0.569, '2019-04-02'),
(520, 189, 1.162, '2019-04-02'),
(521, 257, 0.808, '2019-04-02'),
(522, 62, 0, '2019-04-02'),
(523, 30, 0.268, '2019-04-02'),
(524, 136, 0.616, '2019-04-02'),
(525, 123, 0, '2019-04-02'),
(526, 70, 0, '2019-04-02'),
(527, 226, 0, '2019-04-02'),
(528, 195, 0.756, '2019-04-02'),
(529, 99, 0.991, '2019-04-02'),
(530, 242, 0.756, '2019-04-02'),
(531, 79, 1.708, '2019-04-02'),
(532, 18, 0.747, '2019-04-02'),
(533, 11, 0, '2019-04-02'),
(534, 266, 0.956, '2019-04-02'),
(535, 168, 0.439, '2019-04-02'),
(536, 267, 0, '2019-04-02'),
(537, 265, 0, '2019-04-02'),
(538, 19, 4.257, '2019-04-02'),
(539, 32, 5.762, '2019-04-02'),
(540, 215, 6.089, '2019-04-02'),
(541, 198, 6.214, '2019-04-02'),
(542, 62, 4.703, '2019-04-02'),
(543, 28, 0.582, '2019-04-02'),
(544, 72, 2.003, '2019-04-02'),
(545, 100, 2.38, '2019-04-04'),
(546, 246, 2.38, '2019-04-04'),
(547, 218, 2.38, '2019-04-04'),
(548, 245, 2.38, '2019-04-04'),
(549, 225, 2.38, '2019-04-04'),
(550, 94, 2.38, '2019-04-04'),
(551, 176, 2.38, '2019-04-04'),
(552, 106, 2.38, '2019-04-04'),
(553, 149, 2.38, '2019-04-04'),
(554, 164, 2.38, '2019-04-04'),
(555, 58, 2.38, '2019-04-04'),
(556, 23, 2.38, '2019-04-04'),
(557, 78, 2.38, '2019-04-04'),
(558, 138, 2.38, '2019-04-04'),
(559, 142, 2.38, '2019-04-04'),
(560, 25, 2.38, '2019-04-04'),
(561, 188, 2.38, '2019-04-04'),
(562, 244, 2.38, '2019-04-04'),
(563, 238, 2.38, '2019-04-04'),
(564, 3, 2.38, '2019-04-04'),
(565, 80, 2.38, '2019-04-04'),
(566, 54, 2.38, '2019-04-04'),
(567, 201, 2.38, '2019-04-04'),
(568, 6, 2.38, '2019-04-04'),
(569, 143, 2.38, '2019-04-04'),
(570, 120, 2.38, '2019-04-04'),
(571, 76, 0, '2019-04-04'),
(572, 256, 4.27, '2019-04-04'),
(573, 161, 4.27, '2019-04-04'),
(574, 228, 2.243, '2019-04-04'),
(575, 165, 2.243, '2019-04-04'),
(576, 166, 0.432, '2019-04-04'),
(577, 261, 0.432, '2019-04-04'),
(578, 41, 0.432, '2019-04-04'),
(579, 251, 0.432, '2019-04-04'),
(580, 85, 0.432, '2019-04-04'),
(581, 263, 0.432, '2019-04-04'),
(582, 179, 0.432, '2019-04-04'),
(583, 34, 0, '2019-04-04'),
(584, 150, 0, '2019-04-04'),
(585, 108, 0, '2019-04-04'),
(586, 33, 0.432, '2019-04-04'),
(587, 214, 0, '2019-04-04'),
(588, 185, 1.229, '2019-04-04'),
(589, 156, 1.229, '2019-04-04'),
(590, 262, 3.04, '2019-04-04'),
(591, 82, 0.432, '2019-04-04'),
(592, 204, 3.04, '2019-04-04'),
(593, 47, 0.432, '2019-04-04'),
(594, 13, 2.38, '2019-04-04'),
(595, 180, 2.38, '2019-04-04'),
(596, 213, 2.38, '2019-04-04'),
(597, 163, 2.38, '2019-04-04'),
(598, 96, 2.38, '2019-04-04'),
(599, 203, 2.38, '2019-04-04'),
(600, 87, 2.38, '2019-04-04'),
(601, 155, 2.38, '2019-04-04'),
(602, 249, 2.38, '2019-04-04'),
(603, 101, 2.38, '2019-04-04'),
(604, 134, 2.38, '2019-04-04'),
(605, 132, 2.38, '2019-04-04'),
(606, 231, 2.38, '2019-04-04'),
(607, 243, 2.38, '2019-04-04'),
(608, 93, 2.38, '2019-04-04'),
(609, 115, 2.38, '2019-04-04'),
(610, 60, 2.38, '2019-04-04'),
(611, 103, 2.38, '2019-04-04'),
(612, 129, 2.38, '2019-04-04'),
(613, 270, 2.38, '2019-04-04'),
(614, 110, 2.38, '2019-04-04'),
(615, 206, 2.38, '2019-04-04'),
(616, 116, 2.38, '2019-04-04'),
(617, 183, 2.38, '2019-04-04'),
(618, 39, 2.38, '2019-04-04'),
(619, 177, 2.38, '2019-04-04'),
(620, 130, 2.38, '2019-04-04'),
(621, 90, 2.38, '2019-04-04'),
(622, 269, 0, '2019-04-04'),
(623, 114, 1.048, '2019-04-04'),
(624, 112, 0.88, '2019-04-04'),
(625, 12, 2.904, '2019-04-04'),
(626, 7, 0, '2019-04-04'),
(627, 248, 0.606, '2019-04-04'),
(628, 240, 0.971, '2019-04-04'),
(629, 126, 0.666, '2019-04-04'),
(630, 250, 0.606, '2019-04-04'),
(631, 127, 1.392, '2019-04-04'),
(632, 121, 1.214, '2019-04-04'),
(633, 31, 0, '2019-04-04'),
(634, 182, 1.214, '2019-04-04'),
(635, 253, 2.633, '2019-04-04'),
(636, 124, 2.424, '2019-04-04'),
(637, 61, 0.931, '2019-04-04'),
(638, 107, 0, '2019-04-04'),
(639, 42, 0.998, '2019-04-04'),
(640, 77, 0.931, '2019-04-04'),
(641, 71, 0, '2019-04-04'),
(642, 20, 0, '2019-04-04'),
(643, 53, 2.38, '2019-04-04'),
(644, 268, 1.92, '2019-04-04'),
(645, 26, 2.266, '2019-04-04'),
(646, 117, 1.653, '2019-04-04'),
(647, 259, 2.049, '2019-04-04'),
(648, 196, 1.888, '2019-04-04'),
(649, 118, 2.777, '2019-04-04'),
(650, 92, 2.38, '2019-04-04'),
(651, 229, 2.38, '2019-04-04'),
(652, 260, 2.38, '2019-04-04'),
(653, 264, 2.38, '2019-04-04'),
(654, 207, 2.38, '2019-04-04'),
(655, 1, 2.38, '2019-04-04'),
(656, 45, 2.38, '2019-04-04'),
(657, 162, 2.38, '2019-04-04'),
(658, 209, 2.38, '2019-04-04'),
(659, 55, 2.38, '2019-04-04'),
(660, 190, 2.38, '2019-04-04'),
(661, 230, 2.38, '2019-04-04'),
(662, 139, 2.38, '2019-04-04'),
(663, 258, 2.38, '2019-04-04'),
(664, 141, 2.38, '2019-04-04'),
(665, 9, 2.38, '2019-04-04'),
(666, 105, 2.38, '2019-04-04'),
(667, 151, 2.38, '2019-04-04'),
(668, 154, 2.38, '2019-04-04'),
(669, 135, 0, '2019-04-04'),
(670, 174, 4.061, '2019-04-04'),
(671, 146, 4.245, '2019-04-04'),
(672, 223, 4.197, '2019-04-04'),
(673, 222, 0, '2019-04-04'),
(674, 173, 1.835, '2019-04-04'),
(675, 187, 0, '2019-04-04'),
(676, 48, 0, '2019-04-04'),
(677, 160, 2.576, '2019-04-04'),
(678, 252, 3.125, '2019-04-04'),
(679, 102, 2.576, '2019-04-04'),
(680, 159, 3.055, '2019-04-04'),
(681, 125, 2.917, '2019-04-04'),
(682, 178, 3.17, '2019-04-04'),
(683, 89, 1.463, '2019-04-04'),
(684, 169, 2.902, '2019-04-04'),
(685, 148, 2.077, '2019-04-04'),
(686, 200, 1.785, '2019-04-04'),
(687, 194, 3.126, '2019-04-04'),
(688, 16, 1.539, '2019-04-04'),
(689, 95, 2.135, '2019-04-04'),
(690, 211, 0, '2019-04-04'),
(691, 271, 1.976, '2019-04-04'),
(692, 44, 0, '2019-04-04'),
(693, 205, 2.077, '2019-04-04'),
(694, 172, 0, '2019-04-04'),
(695, 37, 0, '2019-04-04'),
(696, 50, 0, '2019-04-04'),
(697, 91, 2.841, '2019-04-04'),
(698, 232, 0, '2019-04-04'),
(699, 157, 1.818, '2019-04-04'),
(700, 210, 2.116, '2019-04-04'),
(701, 233, 1.828, '2019-04-04'),
(702, 227, 3.129, '2019-04-04'),
(703, 86, 2.841, '2019-04-04'),
(704, 224, 2.695, '2019-04-04'),
(705, 247, 0, '2019-04-04'),
(706, 219, 2.383, '2019-04-04'),
(707, 69, 2.383, '2019-04-04'),
(708, 181, 2.116, '2019-04-04'),
(709, 104, 2.383, '2019-04-04'),
(710, 84, 2.383, '2019-04-04'),
(711, 52, 2.383, '2019-04-04'),
(712, 217, 2.163, '2019-04-04'),
(713, 111, 0.63, '2019-04-04'),
(714, 186, 1.26, '2019-04-04'),
(715, 24, 1.26, '2019-04-04'),
(716, 4, 1.26, '2019-04-04'),
(717, 75, 2.38, '2019-04-04'),
(718, 137, 2.38, '2019-04-04'),
(719, 199, 2.38, '2019-04-04'),
(720, 22, 2.38, '2019-04-04'),
(721, 64, 2.38, '2019-04-04'),
(722, 152, 2.38, '2019-04-04'),
(723, 175, 2.38, '2019-04-04'),
(724, 191, 2.38, '2019-04-04'),
(725, 202, 2.38, '2019-04-04'),
(726, 8, 2.38, '2019-04-04'),
(727, 73, 2.38, '2019-04-04'),
(728, 40, 2.38, '2019-04-04'),
(729, 197, 2.38, '2019-04-04'),
(730, 5, 2.38, '2019-04-04'),
(731, 241, 2.38, '2019-04-04'),
(732, 147, 2.38, '2019-04-04'),
(733, 140, 2.38, '2019-04-04'),
(734, 133, 2.38, '2019-04-04'),
(735, 171, 2.38, '2019-04-04'),
(736, 74, 2.38, '2019-04-04'),
(737, 145, 2.38, '2019-04-04'),
(738, 59, 2.38, '2019-04-04'),
(739, 29, 2.38, '2019-04-04'),
(740, 128, 2.38, '2019-04-04'),
(741, 170, 2.38, '2019-04-04'),
(742, 235, 2.38, '2019-04-04'),
(743, 184, 2.38, '2019-04-04'),
(744, 14, 2.38, '2019-04-04'),
(745, 81, 2.38, '2019-04-04'),
(746, 49, 2.38, '2019-04-04'),
(747, 131, 2.38, '2019-04-04'),
(748, 2, 2.38, '2019-04-04'),
(749, 208, 2.38, '2019-04-04'),
(750, 255, 2.38, '2019-04-04'),
(751, 122, 2.38, '2019-04-04'),
(752, 38, 2.38, '2019-04-04'),
(753, 46, 2.38, '2019-04-04'),
(754, 109, 2.38, '2019-04-04'),
(755, 239, 2.38, '2019-04-04'),
(756, 83, 2.38, '2019-04-04'),
(757, 97, 2.38, '2019-04-04'),
(758, 144, 2.38, '2019-04-04'),
(759, 254, 0, '2019-04-04'),
(760, 193, 1.156, '2019-04-04'),
(761, 234, 0.972, '2019-04-04'),
(762, 56, 1.32, '2019-04-04'),
(763, 43, 4.056, '2019-04-04'),
(764, 212, 2.07, '2019-04-04'),
(765, 68, 0, '2019-04-04'),
(766, 167, 1.609, '2019-04-04'),
(767, 220, 1.321, '2019-04-04'),
(768, 10, 0, '2019-04-04'),
(769, 221, 0.92, '2019-04-04'),
(770, 88, 0, '2019-04-04'),
(771, 51, 0, '2019-04-04'),
(772, 98, 4.054, '2019-04-04'),
(773, 65, 4.931, '2019-04-04'),
(774, 236, 5.331, '2019-04-04'),
(775, 17, 4.931, '2019-04-04'),
(776, 158, 3.963, '2019-04-04'),
(777, 66, 0, '2019-04-04'),
(778, 113, 4.054, '2019-04-04'),
(779, 15, 0, '2019-04-04'),
(780, 67, 3.799, '2019-04-04'),
(781, 57, 2.38, '2019-04-04'),
(782, 192, 2.38, '2019-04-04'),
(783, 153, 2.38, '2019-04-04'),
(784, 119, 2.38, '2019-04-04'),
(785, 35, 2.38, '2019-04-04'),
(786, 216, 2.38, '2019-04-04'),
(787, 21, 2.38, '2019-04-04'),
(788, 27, 2.38, '2019-04-04'),
(789, 237, 2.38, '2019-04-04'),
(790, 272, 2.38, '2019-04-04'),
(791, 36, 2.38, '2019-04-04'),
(792, 189, 2.38, '2019-04-04'),
(793, 257, 2.38, '2019-04-04'),
(794, 62, 2.38, '2019-04-04'),
(795, 30, 2.38, '2019-04-04'),
(796, 136, 2.38, '2019-04-04'),
(797, 123, 2.38, '2019-04-04'),
(798, 70, 2.38, '2019-04-04'),
(799, 226, 2.38, '2019-04-04'),
(800, 195, 2.38, '2019-04-04'),
(801, 99, 2.38, '2019-04-04'),
(802, 242, 2.38, '2019-04-04'),
(803, 79, 2.38, '2019-04-04'),
(804, 18, 2.38, '2019-04-04'),
(805, 11, 2.38, '2019-04-04'),
(806, 266, 2.38, '2019-04-04'),
(807, 168, 2.38, '2019-04-04'),
(808, 267, 2.38, '2019-04-04'),
(809, 265, 2.38, '2019-04-04'),
(810, 19, 2.26, '2019-04-04'),
(811, 32, 5.297, '2019-04-04'),
(812, 215, 4.629, '2019-04-04'),
(813, 198, 5.026, '2019-04-04'),
(814, 62, 4.996, '2019-04-04'),
(815, 28, 2.38, '2019-04-04'),
(816, 72, 2.38, '2019-04-04'),
(817, 246, 0, '2019-04-05'),
(818, 218, 4.263, '2019-04-05'),
(819, 245, 4.263, '2019-04-05'),
(820, 225, 4.196, '2019-04-05'),
(821, 94, 4.196, '2019-04-05'),
(822, 176, 4.711, '2019-04-05'),
(823, 106, 0, '2019-04-05'),
(824, 149, 4.744, '2019-04-05'),
(825, 164, 4.744, '2019-04-05'),
(826, 58, 4.711, '2019-04-05'),
(827, 23, 0, '2019-04-05'),
(828, 78, 0, '2019-04-05'),
(829, 138, 0, '2019-04-05'),
(830, 142, 0, '2019-04-05'),
(831, 25, 0, '2019-04-05'),
(832, 188, 0, '2019-04-05'),
(833, 244, 0, '2019-04-05'),
(834, 238, 0, '2019-04-05'),
(835, 3, 0, '2019-04-05'),
(836, 80, 0, '2019-04-05'),
(837, 54, 0, '2019-04-05'),
(838, 201, 0, '2019-04-05'),
(839, 6, 0, '2019-04-05'),
(840, 143, 0, '2019-04-05'),
(841, 120, 0, '2019-04-05'),
(842, 76, 0, '2019-04-05'),
(843, 256, 3.767, '2019-04-05'),
(844, 161, 2.057, '2019-04-05'),
(845, 228, 1.363, '2019-04-05'),
(846, 165, 1.363, '2019-04-05'),
(847, 166, 1.363, '2019-04-05'),
(848, 261, 1.337, '2019-04-05'),
(849, 41, 1.337, '2019-04-05'),
(850, 251, 1.337, '2019-04-05'),
(851, 85, 1.337, '2019-04-05'),
(852, 263, 0, '2019-04-05'),
(853, 179, 0, '2019-04-05'),
(854, 34, 0, '2019-04-05'),
(855, 150, 0, '2019-04-05'),
(856, 108, 0, '2019-04-05'),
(857, 33, 1.337, '2019-04-05'),
(858, 214, 0, '2019-04-05'),
(859, 185, 1.525, '2019-04-05'),
(860, 156, 2.007, '2019-04-05'),
(861, 262, 2.007, '2019-04-05'),
(862, 82, 2.007, '2019-04-05'),
(863, 204, 3.659, '2019-04-05'),
(864, 47, 4.78, '2019-04-05'),
(865, 13, 0, '2019-04-05'),
(866, 180, 1.303, '2019-04-05'),
(867, 213, 1.379, '2019-04-05'),
(868, 163, 1.401, '2019-04-05'),
(869, 96, 0, '2019-04-05'),
(870, 203, 1.245, '2019-04-05'),
(871, 87, 0, '2019-04-05'),
(872, 155, 1.845, '2019-04-05'),
(873, 249, 1.944, '2019-04-05'),
(874, 101, 4.076, '2019-04-05'),
(875, 134, 1.427, '2019-04-05'),
(876, 132, 3.057, '2019-04-05'),
(877, 231, 1.553, '2019-04-05'),
(878, 243, 1.517, '2019-04-05'),
(879, 93, 4.076, '2019-04-05'),
(880, 115, 1.878, '2019-04-05'),
(881, 60, 0.485, '2019-04-05'),
(882, 103, 0.485, '2019-04-05'),
(883, 129, 1.598, '2019-04-05'),
(884, 270, 0.97, '2019-04-05'),
(885, 110, 1.289, '2019-04-05'),
(886, 206, 0.454, '2019-04-05'),
(887, 116, 1.33, '2019-04-05'),
(888, 183, 0.97, '2019-04-05'),
(889, 39, 0.939, '2019-04-05'),
(890, 177, 2.798, '2019-04-05'),
(891, 130, 0, '2019-04-05'),
(892, 90, 0, '2019-04-05'),
(893, 269, 0, '2019-04-05'),
(894, 114, 1.059, '2019-04-05'),
(895, 112, 1.059, '2019-04-05'),
(896, 12, 5.438, '2019-04-05'),
(897, 7, 0, '2019-04-05'),
(898, 248, 0.479, '2019-04-05'),
(899, 240, 1.839, '2019-04-05'),
(900, 126, 1.127, '2019-04-05'),
(901, 250, 0.545, '2019-04-05'),
(902, 127, 1.084, '2019-04-05'),
(903, 121, 1.903, '2019-04-05'),
(904, 31, 0, '2019-04-05'),
(905, 182, 1.546, '2019-04-05'),
(906, 253, 2.929, '2019-04-05'),
(907, 124, 2.538, '2019-04-05'),
(908, 61, 1.09, '2019-04-05'),
(909, 107, 0, '2019-04-05'),
(910, 42, 1.09, '2019-04-05'),
(911, 77, 1.09, '2019-04-05'),
(912, 71, 0, '2019-04-05'),
(913, 20, 0, '2019-04-05'),
(914, 53, 2.486, '2019-04-05'),
(915, 268, 1.954, '2019-04-05'),
(916, 26, 1.881, '2019-04-05'),
(917, 117, 2.239, '2019-04-05'),
(918, 259, 2.239, '2019-04-05'),
(919, 196, 1.997, '2019-04-05'),
(920, 118, 2.29, '2019-04-05'),
(921, 92, 0, '2019-04-05'),
(922, 229, 0, '2019-04-05'),
(923, 260, 0, '2019-04-05'),
(924, 264, 0, '2019-04-05'),
(925, 207, 0, '2019-04-05'),
(926, 1, 0, '2019-04-05'),
(927, 45, 0, '2019-04-05'),
(928, 162, 0, '2019-04-05'),
(929, 209, 0, '2019-04-05'),
(930, 55, 0, '2019-04-05'),
(931, 190, 0, '2019-04-05'),
(932, 230, 0, '2019-04-05'),
(933, 139, 0, '2019-04-05'),
(934, 258, 0, '2019-04-05'),
(935, 141, 0, '2019-04-05'),
(936, 9, 0, '2019-04-05'),
(937, 105, 0, '2019-04-05'),
(938, 151, 0, '2019-04-05'),
(939, 154, 0, '2019-04-05'),
(940, 135, 0, '2019-04-05'),
(941, 174, 3.199, '2019-04-05'),
(942, 146, 2.972, '2019-04-05'),
(943, 223, 3.614, '2019-04-05'),
(944, 222, 0, '2019-04-05'),
(945, 173, 1.308, '2019-04-05'),
(946, 187, 1.316, '2019-04-05'),
(947, 48, 0, '2019-04-05'),
(948, 160, 1.41, '2019-04-05'),
(949, 252, 3.199, '2019-04-05'),
(950, 102, 1.511, '2019-04-05'),
(951, 159, 2.987, '2019-04-05'),
(952, 125, 3.26, '2019-04-05'),
(953, 178, 3.32, '2019-04-05'),
(954, 89, 1.609, '2019-04-05'),
(955, 169, 2.642, '2019-04-05'),
(956, 148, 1.575, '2019-04-05'),
(957, 200, 1.4, '2019-04-05'),
(958, 194, 0, '2019-04-05'),
(959, 16, 1.855, '2019-04-05'),
(960, 95, 1.583, '2019-04-05'),
(961, 211, 0, '2019-04-05'),
(962, 271, 2.081, '2019-04-05'),
(963, 44, 0, '2019-04-05'),
(964, 205, 1.395, '2019-04-05'),
(965, 172, 0, '2019-04-05'),
(966, 37, 0, '2019-04-05'),
(967, 50, 0, '2019-04-05'),
(968, 91, 3.49, '2019-04-05'),
(969, 232, 0.655, '2019-04-05'),
(970, 157, 1.38, '2019-04-05'),
(971, 210, 1.38, '2019-04-05'),
(972, 233, 1.38, '2019-04-05'),
(973, 227, 1.38, '2019-04-05'),
(974, 86, 1.63, '2019-04-05'),
(975, 224, 1.63, '2019-04-05'),
(976, 247, 0, '2019-04-05'),
(977, 219, 1.52, '2019-04-05'),
(978, 69, 1.52, '2019-04-05'),
(979, 181, 1.605, '2019-04-05'),
(980, 104, 1.82, '2019-04-05'),
(981, 84, 1.82, '2019-04-05'),
(982, 52, 1.82, '2019-04-05'),
(983, 217, 2.835, '2019-04-05'),
(984, 111, 1.517, '2019-04-05'),
(985, 186, 1.407, '2019-04-05'),
(986, 24, 1.82, '2019-04-05'),
(987, 4, 1.497, '2019-04-05'),
(988, 75, 0, '2019-04-05'),
(989, 137, 0, '2019-04-05'),
(990, 199, 0, '2019-04-05'),
(991, 22, 0, '2019-04-05'),
(992, 64, 0, '2019-04-05'),
(993, 152, 4.87, '2019-04-05'),
(994, 175, 0, '2019-04-05'),
(995, 191, 3.039, '2019-04-05'),
(996, 202, 0, '2019-04-05'),
(997, 8, 0, '2019-04-05'),
(998, 73, 9.404, '2019-04-05'),
(999, 40, 4.496, '2019-04-05'),
(1000, 197, 3.84, '2019-04-05'),
(1001, 5, 0, '2019-04-05'),
(1002, 241, 5.012, '2019-04-05'),
(1003, 147, 4.932, '2019-04-05'),
(1004, 140, 5.46, '2019-04-05'),
(1005, 133, 5.396, '2019-04-05'),
(1006, 171, 5.559, '2019-04-05'),
(1007, 74, 4.579, '2019-04-05'),
(1008, 145, 0, '2019-04-05'),
(1009, 59, 0, '2019-04-05'),
(1010, 29, 0, '2019-04-05'),
(1011, 128, 0, '2019-04-05'),
(1012, 170, 0, '2019-04-05'),
(1013, 235, 0, '2019-04-05'),
(1014, 184, 0, '2019-04-05'),
(1015, 14, 1.194, '2019-04-05'),
(1016, 81, 1.194, '2019-04-05'),
(1017, 49, 1.194, '2019-04-05'),
(1018, 131, 1.194, '2019-04-05'),
(1019, 2, 0, '2019-04-05'),
(1020, 208, 6.383, '2019-04-05'),
(1021, 255, 0, '2019-04-05'),
(1022, 122, 2.053, '2019-04-05'),
(1023, 38, 0, '2019-04-05'),
(1024, 46, 0, '2019-04-05'),
(1025, 109, 0, '2019-04-05'),
(1026, 239, 0, '2019-04-05'),
(1027, 83, 0, '2019-04-05'),
(1028, 97, 0, '2019-04-05'),
(1029, 144, 0, '2019-04-05'),
(1030, 254, 0, '2019-04-05'),
(1031, 193, 0.697, '2019-04-05'),
(1032, 234, 0.801, '2019-04-05'),
(1033, 56, 1.877, '2019-04-05'),
(1034, 43, 3.523, '2019-04-05'),
(1035, 212, 0.703, '2019-04-05'),
(1036, 68, 0, '2019-04-05'),
(1037, 167, 2.134, '2019-04-05'),
(1038, 220, 2.134, '2019-04-05'),
(1039, 10, 0, '2019-04-05'),
(1040, 221, 2.134, '2019-04-05'),
(1041, 88, 0, '2019-04-05'),
(1042, 51, 0, '2019-04-05'),
(1043, 98, 0, '2019-04-05'),
(1044, 65, 3.095, '2019-04-05'),
(1045, 236, 3.121, '2019-04-05'),
(1046, 17, 4.132, '2019-04-05'),
(1047, 158, 4.185, '2019-04-05'),
(1048, 66, 0, '2019-04-05'),
(1049, 113, 0, '2019-04-05'),
(1050, 15, 0, '2019-04-05'),
(1051, 67, 4.18, '2019-04-05'),
(1052, 57, 0, '2019-04-05'),
(1053, 192, 0.634, '2019-04-05'),
(1054, 153, 0, '2019-04-05'),
(1055, 119, 0, '2019-04-05'),
(1056, 35, 1.269, '2019-04-05'),
(1057, 216, 0, '2019-04-05'),
(1058, 21, 0.634, '2019-04-05'),
(1059, 27, 0, '2019-04-05'),
(1060, 237, 0, '2019-04-05'),
(1061, 272, 1.269, '2019-04-05'),
(1062, 36, 0.951, '2019-04-05'),
(1063, 189, 1.269, '2019-04-05'),
(1064, 257, 0.634, '2019-04-05'),
(1065, 62, 0, '2019-04-05'),
(1066, 30, 0, '2019-04-05'),
(1067, 136, 1.269, '2019-04-05'),
(1068, 123, 0, '2019-04-05'),
(1069, 70, 0, '2019-04-05'),
(1070, 226, 0, '2019-04-05'),
(1071, 195, 1.269, '2019-04-05'),
(1072, 99, 1.269, '2019-04-05'),
(1073, 242, 1.269, '2019-04-05'),
(1074, 79, 1.269, '2019-04-05'),
(1075, 18, 0.526, '2019-04-05'),
(1076, 11, 0, '2019-04-05'),
(1077, 266, 0.526, '2019-04-05'),
(1078, 168, 1.269, '2019-04-05'),
(1079, 267, 0, '2019-04-05'),
(1080, 265, 0, '2019-04-05'),
(1081, 19, 0.531, '2019-04-05'),
(1082, 32, 3.311, '2019-04-05'),
(1083, 215, 2.251, '2019-04-05'),
(1084, 198, 2.251, '2019-04-05'),
(1085, 62, 2.387, '2019-04-05'),
(1086, 28, 0.634, '2019-04-05'),
(1087, 72, 0, '2019-04-05'),
(1645, 1, 25, '2019-05-23');

-- --------------------------------------------------------

--
-- Table structure for table `karyawan`
--

CREATE TABLE `karyawan` (
  `id_karyawan` int(11) NOT NULL,
  `nama_karyawan` varchar(100) NOT NULL,
  `kota` varchar(100) DEFAULT NULL,
  `dep_karyawan` int(11) NOT NULL,
  `tgl_masuk` date DEFAULT NULL,
  `jabatan` varchar(50) DEFAULT NULL
) ENGINE=InnoDB DEFAULT CHARSET=latin1;

--
-- Dumping data for table `karyawan`
--

INSERT INTO `karyawan` (`id_karyawan`, `nama_karyawan`, `kota`, `dep_karyawan`, `tgl_masuk`, `jabatan`) VALUES
(1, 'A. MURSIDIN', '', 8, '0000-00-00', 'KARYAWAN'),
(2, 'AAM SAIPUTRA', '', 10, '0000-00-00', 'KARYAWAN'),
(3, 'ABAS ALIFAHRUDIN', '', 2, '0000-00-00', 'KARYAWAN'),
(4, 'ABDUL JALIL', '', 6, '0000-00-00', 'KARYAWAN'),
(5, 'ABDUL LATIF', '', 18, '0000-00-00', 'KARYAWAN'),
(6, 'ABDUL MALIK', '', 2, '0000-00-00', 'KARYAWAN'),
(7, 'ABDUL WAHAB', '', 3, '0000-00-00', 'KARYAWAN'),
(8, 'ABU HARJO', '', 16, '0000-00-00', 'KARYAWAN'),
(9, 'ADI SAPUTRA', '', 11, '0000-00-00', 'KARYAWAN'),
(10, 'ADITYA BAYU', '', 9, '0000-00-00', 'KARYAWAN'),
(11, 'AGUS  SUPRIYONO', '', 5, '0000-00-00', 'KARYAWAN'),
(12, 'AGUS SETIAWAN', '', 3, '0000-00-00', 'KARYAWAN'),
(13, 'AGUS WINARNO', '', 4, '0000-00-00', 'KARYAWAN'),
(14, 'AHMAD DENI FAJAR', '', 10, '0000-00-00', 'KARYAWAN'),
(15, 'AHMAD FUAD FAHMI', '', 1, '0000-00-00', 'KARYAWAN'),
(16, 'AHMAD ROZIKIN', '', 15, '0000-00-00', 'KARYAWAN'),
(17, 'AHMAT NASIKIN', '', 1, '0000-00-00', 'KARYAWAN'),
(18, 'AKHMAD MASUT', '', 5, '0000-00-00', 'KARYAWAN'),
(19, 'ALIF ALFIANTO', '', 13, '0000-00-00', 'KARYAWAN'),
(20, 'ALIPATUN NAKIROH', '', 17, '0000-00-00', 'KARYAWAN'),
(21, 'AMIN SUDARMANTO', '', 5, '0000-00-00', 'KARYAWAN'),
(22, 'AMYRUL', '', 16, '0000-00-00', 'KARYAWAN'),
(23, 'ANA HIDAYATUL MAULA', '', 14, '0000-00-00', 'KARYAWAN'),
(24, 'ANA WAQIDATUN', '', 6, '0000-00-00', 'KARYAWAN'),
(25, 'ANANG PRASETYO', '', 2, '0000-00-00', 'KARYAWAN'),
(26, 'ANDI SUNARTO', '', 17, '0000-00-00', 'KARYAWAN'),
(27, 'ANDIK PRASTIYO', '', 5, '0000-00-00', 'KARYAWAN'),
(28, 'ANDY ', '', 5, '0000-00-00', 'KARYAWAN'),
(29, 'ANGEL DWI SEPTIANI', '', 7, '0000-00-00', 'KARYAWAN'),
(30, 'ANGGA', '', 5, '0000-00-00', 'KARYAWAN'),
(31, 'ANISA SHOLICHACH', '', 3, '0000-00-00', 'KARYAWAN'),
(32, 'ANITA MAYA', '', 13, '0000-00-00', 'KARYAWAN'),
(33, 'ANUR KHAFIDHIN', '', 19, '0000-00-00', 'KARYAWAN'),
(34, 'ANWAR (JEPARA)', '', 19, '0000-00-00', 'KARYAWAN'),
(35, 'ARI SETIAWAN', '', 5, '0000-00-00', 'KARYAWAN'),
(36, 'ARIFIN', '', 5, '0000-00-00', 'KARYAWAN'),
(37, 'ASEP KURNIAWAN', '', 6, '0000-00-00', 'KARYAWAN'),
(38, 'ASIATUN', '', 11, '0000-00-00', 'KARYAWAN'),
(39, 'AYU NOVIANINGRUM', '', 4, '0000-00-00', 'KARYAWAN'),
(40, 'AZIZ NUR HADI', '', 16, '0000-00-00', 'KARYAWAN'),
(41, 'BADRIAH', '', 19, '0000-00-00', 'KARYAWAN'),
(42, 'BAYU LUKMAN H', '', 3, '0000-00-00', 'KARYAWAN'),
(43, 'BUDI DWI A', '', 9, '0000-00-00', 'KARYAWAN'),
(44, 'DEDE IFANDA', '', 15, '0000-00-00', 'KARYAWAN'),
(45, 'DEDI IRAWAN', '', 8, '0000-00-00', 'KARYAWAN'),
(46, 'DEWI MASKUNAH', '', 11, '0000-00-00', 'KARYAWAN'),
(47, 'DEWI NUR WIJAYA', '', 19, '0000-00-00', 'KARYAWAN'),
(48, 'DEWI YULIANA', '', 15, '0000-00-00', 'KARYAWAN'),
(49, 'DHANI HARIYADI', '', 10, '0000-00-00', 'KARYAWAN'),
(50, 'DIAH MUSRIFATUN', '', 6, '0000-00-00', 'KARYAWAN'),
(51, 'DIDIK PUJI ASMOKO', '', 1, '0000-00-00', 'KARYAWAN'),
(52, 'DIKI BAGOES R', '', 6, '0000-00-00', 'KARYAWAN'),
(53, 'DONI BAYU', '', 17, '0000-00-00', 'KARYAWAN'),
(54, 'DWI CAHYONO', '', 2, '0000-00-00', 'KARYAWAN'),
(55, 'DWI KRISTIYANTO', '', 11, '0000-00-00', 'KARYAWAN'),
(56, 'DWI LESTARI', '', 9, '0000-00-00', 'KARYAWAN'),
(57, 'DWI MARYANTO', '', 5, '0000-00-00', 'KARYAWAN'),
(58, 'DWI NOURMA DINIAR', '', 14, '0000-00-00', 'KARYAWAN'),
(59, 'DWI SULISTIYOWATI', '', 7, '0000-00-00', 'KARYAWAN'),
(60, 'DWI WIDYASARI', '', 4, '0000-00-00', 'KARYAWAN'),
(61, 'EDI MULYONO', '', 3, '0000-00-00', 'KARYAWAN'),
(62, 'EDY PRABOWO', '', 5, '0000-00-00', 'KARYAWAN'),
(63, '', '', 13, '0000-00-00', 'KARYAWAN'),
(64, 'EDY SAIPUL', '', 16, '0000-00-00', 'KARYAWAN'),
(65, 'EKO SETIAWAN', '', 1, '0000-00-00', 'KARYAWAN'),
(66, 'ELLY RATNA DEWI', '', 1, '0000-00-00', 'KARYAWAN'),
(67, 'FACHRUDIN', '', 1, '0000-00-00', 'KARYAWAN'),
(68, 'FATKHUR ROHMAN', '', 9, '0000-00-00', 'KARYAWAN'),
(69, 'FITRI NURAINI', '', 6, '0000-00-00', 'KARYAWAN'),
(70, 'FITRIYAH', '', 5, '0000-00-00', 'KARYAWAN'),
(71, 'GHOFUR', '', 17, '0000-00-00', 'KARYAWAN'),
(72, 'HARTADI', '', 12, '0000-00-00', 'KARYAWAN'),
(73, 'HARTONO', '', 16, '0000-00-00', 'KARYAWAN'),
(74, 'HASAN FAUZI', '', 18, '0000-00-00', 'KARYAWAN'),
(75, 'HATMAKA', '', 16, '0000-00-00', 'KARYAWAN'),
(76, 'HENI ISMAWATI', '', 19, '0000-00-00', 'KARYAWAN'),
(77, 'HERI KUSMANTO', '', 3, '0000-00-00', 'KARYAWAN'),
(78, 'HERIYADI', '', 2, '0000-00-00', 'KARYAWAN'),
(79, 'HERU', '', 5, '0000-00-00', 'KARYAWAN'),
(80, 'HERU SUPRASTIYO', '', 2, '0000-00-00', 'KARYAWAN'),
(81, 'HERY SUSANTO', '', 10, '0000-00-00', 'KARYAWAN'),
(82, 'HIDAYATUL NAZAH', '', 19, '0000-00-00', 'KARYAWAN'),
(83, 'IFA MUYASAROH', '', 11, '0000-00-00', 'KARYAWAN'),
(84, 'IMRON MASHADI', '', 6, '0000-00-00', 'KARYAWAN'),
(85, 'INDAH NUR', '', 19, '0000-00-00', 'KARYAWAN'),
(86, 'INDAHYATI', '', 6, '0000-00-00', 'KARYAWAN'),
(87, 'IRMAWATI', '', 4, '0000-00-00', 'KARYAWAN'),
(88, 'IRSYADI', '', 1, '0000-00-00', 'KARYAWAN'),
(89, 'ISMI YULIANI', '', 15, '0000-00-00', 'KARYAWAN'),
(90, 'ISMOUDIN', '', 4, '0000-00-00', 'KARYAWAN'),
(91, 'ISMU YEKTI SUSANTIKA', '', 6, '0000-00-00', 'KARYAWAN'),
(92, 'ISNAL KHAVID', '', 8, '0000-00-00', 'KARYAWAN'),
(93, 'ISROAH', '', 4, '0000-00-00', 'KARYAWAN'),
(94, 'ISTIAROH (JEPARA)', '', 14, '0000-00-00', 'KARYAWAN'),
(95, 'ISTIROKAN', '', 15, '0000-00-00', 'KARYAWAN'),
(96, 'ISTIROKHAH', '', 4, '0000-00-00', 'KARYAWAN'),
(97, 'JHONI (MAINTENANT)', '', 11, '0000-00-00', 'KARYAWAN'),
(98, 'JOKO MUGIONO', '', 1, '0000-00-00', 'KARYAWAN'),
(99, 'JOKO MURIYAN', '', 5, '0000-00-00', 'KARYAWAN'),
(100, 'JUWARIYAH', '', 14, '0000-00-00', 'KARYAWAN'),
(101, 'KAMIRAH', '', 4, '0000-00-00', 'KARYAWAN'),
(102, 'KARWAN', '', 15, '0000-00-00', 'KARYAWAN'),
(103, 'KASMINI', '', 4, '0000-00-00', 'KARYAWAN'),
(104, 'KHALIKUL BASIT', '', 6, '0000-00-00', 'KARYAWAN'),
(105, 'KHOIRUL ANWAR', '', 11, '0000-00-00', 'KARYAWAN'),
(106, 'KHOIRUNMAN SYAH', '', 14, '0000-00-00', 'KARYAWAN'),
(107, 'KHUSNI M', '', 3, '0000-00-00', 'KARYAWAN'),
(108, 'KHUSNUL MAGHFIROH', '', 19, '0000-00-00', 'KARYAWAN'),
(109, 'KOIRIYAH', '', 11, '0000-00-00', 'KARYAWAN'),
(110, 'KOMSATUN', '', 4, '0000-00-00', 'KARYAWAN'),
(111, 'KUSTINAH', '', 6, '0000-00-00', 'KARYAWAN'),
(112, 'LUSIANA DEWI', '', 3, '0000-00-00', 'KARYAWAN'),
(113, 'LUTFI ZURKANAIN', '', 1, '0000-00-00', 'KARYAWAN'),
(114, 'LUTFIAH', '', 3, '0000-00-00', 'KARYAWAN'),
(115, 'M ABDUL WAKHID', '', 4, '0000-00-00', 'KARYAWAN'),
(116, 'M. AFINUDIN', '', 4, '0000-00-00', 'KARYAWAN'),
(117, 'M. ARDANI', '', 17, '0000-00-00', 'KARYAWAN'),
(118, 'M. JAMALUDIN', '', 17, '0000-00-00', 'KARYAWAN'),
(119, 'M. LUXIS HARIYANTO', '', 5, '0000-00-00', 'KARYAWAN'),
(120, 'M. NAFIUDIN', '', 2, '0000-00-00', 'KARYAWAN'),
(121, 'M. NUR FATONI', '', 3, '0000-00-00', 'KARYAWAN'),
(122, 'M. PRIYO ANGGORO (J)', '', 10, '0000-00-00', 'KARYAWAN'),
(123, 'M. RIFKI', '', 5, '0000-00-00', 'KARYAWAN'),
(124, 'M. YUSUF ', '', 3, '0000-00-00', 'KARYAWAN'),
(125, 'MARFUAH', '', 15, '0000-00-00', 'KARYAWAN'),
(126, 'MASNI', '', 3, '0000-00-00', 'KARYAWAN'),
(127, 'MASROKAH', '', 3, '0000-00-00', 'KARYAWAN'),
(128, 'MASTUFAH', '', 7, '0000-00-00', 'KARYAWAN'),
(129, 'MAULIDATUL KHOLIFAH', '', 4, '0000-00-00', 'KARYAWAN'),
(130, 'MIFTAHUL K', '', 4, '0000-00-00', 'KARYAWAN'),
(131, 'MISRONAH', '', 10, '0000-00-00', 'KARYAWAN'),
(132, 'MOH ABIDIN', '', 4, '0000-00-00', 'KARYAWAN'),
(133, 'MOH MUSLIH', '', 18, '0000-00-00', 'KARYAWAN'),
(134, 'MOH SAFI\'I', '', 4, '0000-00-00', 'KARYAWAN'),
(135, 'MOH SAPUTRA', '', 15, '0000-00-00', 'KARYAWAN'),
(136, 'MOKO PRASETYO', '', 5, '0000-00-00', 'KARYAWAN'),
(137, 'MU\'AMILIN', '', 16, '0000-00-00', 'KARYAWAN'),
(138, 'MUCH. CHOMSAN', '', 2, '0000-00-00', 'KARYAWAN'),
(139, 'MUDAKIR', '', 11, '0000-00-00', 'KARYAWAN'),
(140, 'MUFLIKATUL', '', 18, '0000-00-00', 'KARYAWAN'),
(141, 'MUH. MASUT', '', 11, '0000-00-00', 'KARYAWAN'),
(142, 'MUH. SINUN', '', 2, '0000-00-00', 'KARYAWAN'),
(143, 'MUHAMMAD ARIFIN', '', 2, '0000-00-00', 'KARYAWAN'),
(144, 'MUHTADIN (MAINTENANT)', '', 11, '0000-00-00', 'KARYAWAN'),
(145, 'MUJIONO', '', 7, '0000-00-00', 'KARYAWAN'),
(146, 'MUKHODAH', '', 15, '0000-00-00', 'KARYAWAN'),
(147, 'MULYONO', '', 18, '0000-00-00', 'KARYAWAN'),
(148, 'MUNA MUZDALIFAH', '', 15, '0000-00-00', 'KARYAWAN'),
(149, 'MUNAWAROTUL', '', 14, '0000-00-00', 'KARYAWAN'),
(150, 'MUNIROH', '', 19, '0000-00-00', 'KARYAWAN'),
(151, 'MUSLIKUN', '', 11, '0000-00-00', 'KARYAWAN'),
(152, 'MUSTAIN', '', 16, '0000-00-00', 'KARYAWAN'),
(153, 'MUSTOFA', '', 5, '0000-00-00', 'KARYAWAN'),
(154, 'MUZAMIL', '', 11, '0000-00-00', 'KARYAWAN'),
(155, 'MUZAROH', '', 4, '0000-00-00', 'KARYAWAN'),
(156, 'NADHIROH', '', 19, '0000-00-00', 'KARYAWAN'),
(157, 'NANIK INDRIANINGRUM', '', 6, '0000-00-00', 'KARYAWAN'),
(158, 'NAVI MAULA', '', 1, '0000-00-00', 'KARYAWAN'),
(159, 'NGATIMAH', '', 15, '0000-00-00', 'KARYAWAN'),
(160, 'NGATMAN', '', 15, '0000-00-00', 'KARYAWAN'),
(161, 'NIA RAHAYU', '', 19, '0000-00-00', 'KARYAWAN'),
(162, 'NIA ROKHAYATI', '', 8, '0000-00-00', 'KARYAWAN'),
(163, 'NOR KHOLIS (2)', '', 4, '0000-00-00', 'KARYAWAN'),
(164, 'NOVI INDAH YANTI', '', 14, '0000-00-00', 'KARYAWAN'),
(165, 'NOVI ROHMAYANI', '', 19, '0000-00-00', 'KARYAWAN'),
(166, 'NUNUNG SETYONINGSIH', '', 19, '0000-00-00', 'KARYAWAN'),
(167, 'NUR ANIFA', '', 9, '0000-00-00', 'KARYAWAN'),
(168, 'NUR CHOLIS', '', 5, '0000-00-00', 'KARYAWAN'),
(169, 'NUR HIDAYAH ULFA', '', 15, '0000-00-00', 'KARYAWAN'),
(170, 'NUR JANAH', '', 7, '0000-00-00', 'KARYAWAN'),
(171, 'NUR KASIH', '', 18, '0000-00-00', 'KARYAWAN'),
(172, 'NUR KHASANAH', '', 6, '0000-00-00', 'KARYAWAN'),
(173, 'NUR KHOLIS (1)', '', 15, '0000-00-00', 'KARYAWAN'),
(174, 'NUR MAFTUKHAH', '', 15, '0000-00-00', 'KARYAWAN'),
(175, 'NUR ROFIQ', '', 16, '0000-00-00', 'KARYAWAN'),
(176, 'NUR SAIDAH', '', 14, '0000-00-00', 'KARYAWAN'),
(177, 'NUR SAINI', '', 4, '0000-00-00', 'KARYAWAN'),
(178, 'NUR SOLEHAH', '', 15, '0000-00-00', 'KARYAWAN'),
(179, 'NURUL AWALIAH', '', 19, '0000-00-00', 'KARYAWAN'),
(180, 'NURUL HUDA', '', 4, '0000-00-00', 'KARYAWAN'),
(181, 'NURUL HUDAFIAH', '', 6, '0000-00-00', 'KARYAWAN'),
(182, 'NURUL ISLAH', '', 3, '0000-00-00', 'KARYAWAN'),
(183, 'NURUL JANAH', '', 4, '0000-00-00', 'KARYAWAN'),
(184, 'NURUL K', '', 7, '0000-00-00', 'KARYAWAN'),
(185, 'NURUL MUAFIDAH', '', 19, '0000-00-00', 'KARYAWAN'),
(186, 'NURUS SOBAH', '', 6, '0000-00-00', 'KARYAWAN'),
(187, 'OKY RISKI', '', 15, '0000-00-00', 'KARYAWAN'),
(188, 'PANCA BUDI BASKORO', '', 2, '0000-00-00', 'KARYAWAN'),
(189, 'PARSITI', '', 5, '0000-00-00', 'KARYAWAN'),
(190, 'PURNOMO', '', 11, '0000-00-00', 'KARYAWAN'),
(191, 'PUTU FAHMI', '', 16, '0000-00-00', 'KARYAWAN'),
(192, 'R. BAGUS REZA', '', 5, '0000-00-00', 'KARYAWAN'),
(193, 'RAHAYU WIDAYANTI', '', 9, '0000-00-00', 'KARYAWAN'),
(194, 'RAHMAWATI', '', 15, '0000-00-00', 'KARYAWAN'),
(195, 'RAIM', '', 5, '0000-00-00', 'KARYAWAN'),
(196, 'REZA ARFIAN', '', 17, '0000-00-00', 'KARYAWAN'),
(197, 'RIKI ARDIANSYAH', '', 16, '0000-00-00', 'KARYAWAN'),
(198, 'RIRIN MULYANI', '', 13, '0000-00-00', 'KARYAWAN'),
(199, 'RIZAL', '', 16, '0000-00-00', 'KARYAWAN'),
(200, 'RIZAL PRASETYA (J)', '', 15, '0000-00-00', 'KARYAWAN'),
(201, 'RIZKY FITRA', '', 2, '0000-00-00', 'KARYAWAN'),
(202, 'ROCHMAD CHAERONI', '', 16, '0000-00-00', 'KARYAWAN'),
(203, 'ROFIAH', '', 4, '0000-00-00', 'KARYAWAN'),
(204, 'ROFIATUN', '', 19, '0000-00-00', 'KARYAWAN'),
(205, 'ROIFUL', '', 15, '0000-00-00', 'KARYAWAN'),
(206, 'ROJIKAH ( 2 )', '', 4, '0000-00-00', 'KARYAWAN'),
(207, 'ROMDIYAH', '', 8, '0000-00-00', 'KARYAWAN'),
(208, 'RONI INDRAWAN', '', 10, '0000-00-00', 'KARYAWAN'),
(209, 'ROSIDIN AKHMAD', '', 11, '0000-00-00', 'KARYAWAN'),
(210, 'RUFITDAH', '', 6, '0000-00-00', 'KARYAWAN'),
(211, 'SAFITRI RAHMAWATI', '', 15, '0000-00-00', 'KARYAWAN'),
(212, 'SAIFUR ROZAK ', '', 9, '0000-00-00', 'KARYAWAN'),
(213, 'SAPTA YUNUS BUDI RIYADI', '', 4, '0000-00-00', 'KARYAWAN'),
(214, 'SETYA WIDYAWATI', '', 19, '0000-00-00', 'KARYAWAN'),
(215, 'SETYO PRIYANI', '', 13, '0000-00-00', 'KARYAWAN'),
(216, 'SIGIT NUR CAHYO', '', 5, '0000-00-00', 'KARYAWAN'),
(217, 'SITI BAROKAH', '', 6, '0000-00-00', 'KARYAWAN'),
(218, 'SITI CHOLIFAH', '', 14, '0000-00-00', 'KARYAWAN'),
(219, 'SITI FADILAH', '', 6, '0000-00-00', 'KARYAWAN'),
(220, 'SITI FATIMAH', '', 9, '0000-00-00', 'KARYAWAN'),
(221, 'SITI FUANIYAH', '', 9, '0000-00-00', 'KARYAWAN'),
(222, 'SITI KHAMDIYAH', '', 15, '0000-00-00', 'KARYAWAN'),
(223, 'SITI NUR KHASANAH', '', 15, '0000-00-00', 'KARYAWAN'),
(224, 'SITI NUR WAQIDAH', '', 6, '0000-00-00', 'KARYAWAN'),
(225, 'SITI SULASIH (JEPARA)', '', 14, '0000-00-00', 'KARYAWAN'),
(226, 'SITI UMAROH', '', 5, '0000-00-00', 'KARYAWAN'),
(227, 'SITI UMI YUNIARNI', '', 6, '0000-00-00', 'KARYAWAN'),
(228, 'SITI ZULAEKHAH', '', 19, '0000-00-00', 'KARYAWAN'),
(229, 'SLAMET', '', 8, '0000-00-00', 'KARYAWAN'),
(230, 'SOFIYANTO', '', 11, '0000-00-00', 'KARYAWAN'),
(231, 'SOLEMAN', '', 4, '0000-00-00', 'KARYAWAN'),
(232, 'SOPIATUN (1)', '', 6, '0000-00-00', 'KARYAWAN'),
(233, 'SRI LESTARI (2)', '', 6, '0000-00-00', 'KARYAWAN'),
(234, 'SRI WAHYUNI', '', 9, '0000-00-00', 'KARYAWAN'),
(235, 'SRIWAHYUNI', '', 7, '0000-00-00', 'KARYAWAN'),
(236, 'SUGITO', '', 1, '0000-00-00', 'KARYAWAN'),
(237, 'SUHARTADI', '', 5, '0000-00-00', 'KARYAWAN'),
(238, 'SUKAMTO', '', 2, '0000-00-00', 'KARYAWAN'),
(239, 'SULASTRI', '', 11, '0000-00-00', 'KARYAWAN'),
(240, 'SULIMAH', '', 3, '0000-00-00', 'KARYAWAN'),
(241, 'SUMIAR', '', 18, '0000-00-00', 'KARYAWAN'),
(242, 'SUNANDAR', '', 5, '0000-00-00', 'KARYAWAN'),
(243, 'SUPRIYONO', '', 4, '0000-00-00', 'KARYAWAN'),
(244, 'SURANI', '', 2, '0000-00-00', 'KARYAWAN'),
(245, 'SUSI SUSANTI', '', 14, '0000-00-00', 'KARYAWAN'),
(246, 'SUSIATI', '', 14, '0000-00-00', 'KARYAWAN'),
(247, 'SUSILOWATI', '', 6, '0000-00-00', 'KARYAWAN'),
(248, 'SUTIKAH', '', 3, '0000-00-00', 'KARYAWAN'),
(249, 'SUTIMAN', '', 4, '0000-00-00', 'KARYAWAN'),
(250, 'SUTINI', '', 3, '0000-00-00', 'KARYAWAN'),
(251, 'SUTRIYAH', '', 19, '0000-00-00', 'KARYAWAN'),
(252, 'SUWARTI', '', 15, '0000-00-00', 'KARYAWAN'),
(253, 'SYARIF ANDIYAN', '', 3, '0000-00-00', 'KARYAWAN'),
(254, 'T. ENY KURNIATI', '', 9, '0000-00-00', 'KARYAWAN'),
(255, 'TINO KRISNAWAN (J)', '', 10, '0000-00-00', 'KARYAWAN'),
(256, 'TITIK FEBRIYANI', '', 19, '0000-00-00', 'KARYAWAN'),
(257, 'TRI HARJADMO', '', 5, '0000-00-00', 'KARYAWAN'),
(258, 'TRIYO KUSMANTORO', '', 11, '0000-00-00', 'KARYAWAN'),
(259, 'TULUS SLAMET', '', 17, '0000-00-00', 'KARYAWAN'),
(260, 'TUMISIH', '', 8, '0000-00-00', 'KARYAWAN'),
(261, 'UMI JAZIROH', '', 19, '0000-00-00', 'KARYAWAN'),
(262, 'VICA OCTAVIA', '', 19, '0000-00-00', 'KARYAWAN'),
(263, 'VIVID NUR', '', 19, '0000-00-00', 'KARYAWAN'),
(264, 'WAKHIDATUN NUROHMAN', '', 8, '0000-00-00', 'KARYAWAN'),
(265, 'WIDIANTO', '', 5, '0000-00-00', 'KARYAWAN'),
(266, 'YANTO', '', 5, '0000-00-00', 'KARYAWAN'),
(267, 'YULI', '', 5, '0000-00-00', 'KARYAWAN'),
(268, 'YULI SETIAWAN', '', 17, '0000-00-00', 'KARYAWAN'),
(269, 'YUSNI ARIF', '', 3, '0000-00-00', 'KARYAWAN'),
(270, 'ZAENATUN', '', 4, '0000-00-00', 'KARYAWAN'),
(271, 'ZAMRONI', '', 15, '0000-00-00', 'KARYAWAN'),
(272, 'ZULFAH', '', 5, '0000-00-00', 'KARYAWAN'),
(273, 'Default', 'Semarang', 1, '2019-05-31', 'KARYAWAN');

-- --------------------------------------------------------

--
-- Table structure for table `user`
--

CREATE TABLE `user` (
  `id` int(11) NOT NULL,
  `name` varchar(128) NOT NULL,
  `email` varchar(128) NOT NULL,
  `image` varchar(128) NOT NULL,
  `password` varchar(256) NOT NULL,
  `role_id` int(11) NOT NULL,
  `is_active` int(1) NOT NULL,
  `date_created` int(11) NOT NULL
) ENGINE=InnoDB DEFAULT CHARSET=latin1;

--
-- Dumping data for table `user`
--

INSERT INTO `user` (`id`, `name`, `email`, `image`, `password`, `role_id`, `is_active`, `date_created`) VALUES
(3, 'Alfan Juniyanto', 'alfanjuni@gmail.com', 'images.png', '$2y$10$l0BmBJhesQWJ0X9a0ELQcu9J0vwTNXSWM4WshLMA0m/0gLQ5ZjsJ6', 1, 1, 1552761786),
(4, 'deni cagur', 'deni@deni.com', 'kodingsquad.jpg', '$2y$10$o/S2zDacqlyTP0UU/87UdOvTOy4ahOFpMYgm.0g.zvxCtRlNMM8li', 2, 1, 1552762507),
(5, 'Dini Purwanti, SH', 'hrd.dcofrance@gmail.com', 'admin.jpg', '$2y$10$idv7LthzlqH61VnhsJrq5efzBNhMmYrecougUXzmc/V3hEhAn4yrS', 1, 1, 1553611492);

-- --------------------------------------------------------

--
-- Table structure for table `user_access_menu`
--

CREATE TABLE `user_access_menu` (
  `id` int(11) NOT NULL,
  `role_id` int(11) NOT NULL,
  `menu_id` int(11) NOT NULL
) ENGINE=InnoDB DEFAULT CHARSET=latin1;

--
-- Dumping data for table `user_access_menu`
--

INSERT INTO `user_access_menu` (`id`, `role_id`, `menu_id`) VALUES
(1, 1, 1),
(2, 1, 2),
(3, 2, 2),
(4, 1, 3),
(5, 1, 6),
(8, 2, 7),
(9, 2, 6),
(10, 1, 8),
(12, 1, 7),
(13, 3, 2),
(14, 3, 3),
(15, 3, 6),
(16, 3, 7),
(18, 1, 10),
(19, 5, 2),
(20, 5, 6),
(21, 5, 7);

-- --------------------------------------------------------

--
-- Table structure for table `user_menu`
--

CREATE TABLE `user_menu` (
  `id` int(11) NOT NULL,
  `menu` varchar(128) NOT NULL,
  `menu_order` int(11) NOT NULL
) ENGINE=InnoDB DEFAULT CHARSET=latin1;

--
-- Dumping data for table `user_menu`
--

INSERT INTO `user_menu` (`id`, `menu`, `menu_order`) VALUES
(1, 'Admin', 1),
(2, 'User', 5),
(3, 'Menu', 4),
(6, 'Departemen', 2),
(7, 'Karyawan', 3);

-- --------------------------------------------------------

--
-- Table structure for table `user_role`
--

CREATE TABLE `user_role` (
  `id` int(11) NOT NULL,
  `role` varchar(128) NOT NULL
) ENGINE=InnoDB DEFAULT CHARSET=latin1;

--
-- Dumping data for table `user_role`
--

INSERT INTO `user_role` (`id`, `role`) VALUES
(1, 'Administrator'),
(2, 'Member'),
(4, 'Anggota'),
(5, 'Hrd');

-- --------------------------------------------------------

--
-- Table structure for table `user_sub_menu`
--

CREATE TABLE `user_sub_menu` (
  `id` int(11) NOT NULL,
  `menu_id` int(11) NOT NULL,
  `title` varchar(128) NOT NULL,
  `url` varchar(128) NOT NULL,
  `icon` varchar(128) NOT NULL,
  `is_active` int(1) NOT NULL,
  `level` varchar(50) NOT NULL
) ENGINE=InnoDB DEFAULT CHARSET=latin1;

--
-- Dumping data for table `user_sub_menu`
--

INSERT INTO `user_sub_menu` (`id`, `menu_id`, `title`, `url`, `icon`, `is_active`, `level`) VALUES
(1, 1, 'Dashboard', 'admin', 'fas fa-fw fa-tachometer-alt', 1, 'admin'),
(6, 1, 'Coba Table', 'table', 'fas fa-fw fa-table', 0, 'table'),
(7, 3, 'Menu Management', 'menu', 'far fa-fw fa-folder', 1, 'menu'),
(8, 3, 'Submenu Management', 'menu/submenu', 'fas fa-fw fa-folder-open', 1, 'menu'),
(10, 1, 'Role', 'admin/role', 'fas fa-fw fa-user-tie', 1, 'admin'),
(11, 6, 'Daftar Departemen', 'departemen', 'fas fa-fw fa-tags', 1, 'departemen'),
(12, 7, 'Daftar Karyawan', 'karyawan', 'fas fa-fw fa-users', 1, 'karyawan'),
(13, 2, 'My Profile', 'user', 'fas fa-fw fa-user', 1, 'user'),
(14, 2, 'Edit Profile', 'user/edit', 'fas fa-fw fa-user-edit', 1, 'user'),
(15, 7, 'Input CBM', 'cbm', 'fas fa-fw fa-hammer', 1, 'cbm'),
(16, 7, 'Input CBM Masal', 'cbm/inputmasal', 'fas fa-fw fa-hammer', 0, 'cbm');

--
-- Indexes for dumped tables
--

--
-- Indexes for table `departemen`
--
ALTER TABLE `departemen`
  ADD PRIMARY KEY (`id_departemen`);

--
-- Indexes for table `input_cbm`
--
ALTER TABLE `input_cbm`
  ADD PRIMARY KEY (`id`);

--
-- Indexes for table `karyawan`
--
ALTER TABLE `karyawan`
  ADD PRIMARY KEY (`id_karyawan`),
  ADD KEY `dep_karyawan` (`dep_karyawan`);

--
-- Indexes for table `user`
--
ALTER TABLE `user`
  ADD PRIMARY KEY (`id`);

--
-- Indexes for table `user_access_menu`
--
ALTER TABLE `user_access_menu`
  ADD PRIMARY KEY (`id`);

--
-- Indexes for table `user_menu`
--
ALTER TABLE `user_menu`
  ADD PRIMARY KEY (`id`);

--
-- Indexes for table `user_role`
--
ALTER TABLE `user_role`
  ADD PRIMARY KEY (`id`);

--
-- Indexes for table `user_sub_menu`
--
ALTER TABLE `user_sub_menu`
  ADD PRIMARY KEY (`id`);

--
-- AUTO_INCREMENT for dumped tables
--

--
-- AUTO_INCREMENT for table `departemen`
--
ALTER TABLE `departemen`
  MODIFY `id_departemen` int(11) NOT NULL AUTO_INCREMENT, AUTO_INCREMENT=29;

--
-- AUTO_INCREMENT for table `input_cbm`
--
ALTER TABLE `input_cbm`
  MODIFY `id` int(11) NOT NULL AUTO_INCREMENT, AUTO_INCREMENT=1646;

--
-- AUTO_INCREMENT for table `karyawan`
--
ALTER TABLE `karyawan`
  MODIFY `id_karyawan` int(11) NOT NULL AUTO_INCREMENT, AUTO_INCREMENT=274;

--
-- AUTO_INCREMENT for table `user`
--
ALTER TABLE `user`
  MODIFY `id` int(11) NOT NULL AUTO_INCREMENT, AUTO_INCREMENT=6;

--
-- AUTO_INCREMENT for table `user_access_menu`
--
ALTER TABLE `user_access_menu`
  MODIFY `id` int(11) NOT NULL AUTO_INCREMENT, AUTO_INCREMENT=22;

--
-- AUTO_INCREMENT for table `user_menu`
--
ALTER TABLE `user_menu`
  MODIFY `id` int(11) NOT NULL AUTO_INCREMENT, AUTO_INCREMENT=8;

--
-- AUTO_INCREMENT for table `user_role`
--
ALTER TABLE `user_role`
  MODIFY `id` int(11) NOT NULL AUTO_INCREMENT, AUTO_INCREMENT=6;

--
-- AUTO_INCREMENT for table `user_sub_menu`
--
ALTER TABLE `user_sub_menu`
  MODIFY `id` int(11) NOT NULL AUTO_INCREMENT, AUTO_INCREMENT=17;

--
-- Constraints for dumped tables
--

--
-- Constraints for table `karyawan`
--
ALTER TABLE `karyawan`
  ADD CONSTRAINT `karyawan_ibfk_1` FOREIGN KEY (`dep_karyawan`) REFERENCES `departemen` (`id_departemen`);
COMMIT;

/*!40101 SET CHARACTER_SET_CLIENT=@OLD_CHARACTER_SET_CLIENT */;
/*!40101 SET CHARACTER_SET_RESULTS=@OLD_CHARACTER_SET_RESULTS */;
/*!40101 SET COLLATION_CONNECTION=@OLD_COLLATION_CONNECTION */;
